,Port_ID,total_trades,total_volume,total_realized_profit,avg_trade_profit,max_single_trade_profit,min_single_trade_profit,win_rate,profit_std_dev,win_positions,loss_positions,long_trades_ratio,short_trades_ratio,roi,sharpe_ratio,mdd,composite_score,rank
0,3672754654734989568,461,930652062.4254417,565.5477615,1.2267847321041214,68.70669,-22.791,0.44685466377440347,6.539488219625085,206,92,0.48156182212581344,0.5184381778741866,6.0768979550325576e-05,86.48196043885883,-7.517559248885789,-0.2752294368458555,123.0
1,3733192481840423936,585,54614047022.75891,2653.5918998999996,4.5360545297435895,501.993,-1337.271,0.7811965811965812,76.26108107724977,457,7,1.0,0.0,4.858808391903621e-06,34.7961484733216,-1.421625381117911,0.18064902043499284,28.0
2,3768170840939476993,14,579922.917130103,243.66889897,17.404921355,127.07864464,0.0,0.42857142857142855,41.02249858513059,6,0,0.0,0.0,0.04201746331665214,5.939884389643749,0.0,-0.26742142750619946,121.0
3,3784403294629753856,5830,351734869.6963277,2526.8837980299995,0.4334277526638078,226.65328355,-39.61411888,0.3029159519725557,3.952501873728309,1766,386,0.34065180102915954,0.6593481989708405,0.0007184058265851205,639.312485801922,-0.5495456498188079,-0.17365048628152727,89.0
4,3786761687746711808,79,2707688034.3527613,170.22019998999997,2.1546860758227844,41.214,-60.70129777,0.43037974683544306,11.60234784184956,34,4,0.43037974683544306,0.569620253164557,6.286551398477075e-06,14.6711857212225,-0.5100399349334874,-0.3010927930403034,130.0
5,3788465932399412480,2759,873870039.5907773,13209.206073649999,4.787678895849945,880.80746154,-221.96765683,0.4527002537151142,30.936265394951825,1249,87,0.6136281261326567,0.38637187386734323,0.0015115755747657522,426.9812760206497,-0.2271017922179688,0.12546088282906137,33.0
6,3818233536529843712,1313,8271364647.343504,5954.68440088,4.535174715064737,374.76149719,-340.58808466,0.32216298552932215,30.428315189480177,423,77,0.7783701447067783,0.22162985529322163,7.19915594918482e-05,195.69550150245198,-1.3055855532145,-0.1765007170306132,91.0
7,3819545518395756033,63,8653138404.775291,976.8563899599999,15.505656983492061,546.3248,0.0,0.3968253968253968,69.65701658072929,25,0,0.0,0.0,1.1289041550761688e-05,14.023804605927504,0.0,-0.21844492965203338,103.0
8,3826087012661391104,107,19010131.108177964,532.6569737300001,4.9781025582243,28.6,-9.55515513,0.5887850467289719,7.32416654705059,63,6,0.14018691588785046,0.8598130841121495,0.002801963703979172,72.72595049664713,-0.2175057753643798,-0.18649710974685973,94.0
9,3858510226868015873,889,2679881220.1995897,-237.66359219000003,-0.2673381239482565,85.498824,-472.6835,0.2722159730033746,21.987744017900006,242,116,0.0,0.0,-8.868437541134734e-06,-10.808912091959977,-3.3227197479637005,-0.3959602847382459,144.0
10,3865845304835489536,822,1708907.3880001418,1360.1801148,1.6547203343065693,64.232,-70.37315359,0.4951338199513382,6.744933711568939,407,5,0.0,0.0,0.07959355342197673,201.6595229790047,-0.09874975444926658,-0.21498397453285756,101.0
11,3878631538480067329,2790,2813404796.1829367,3908.2236897500006,1.4007970214157708,120.82771781,-155.85717938,0.5046594982078854,8.968460666007722,1408,442,0.07491039426523298,0.9250896057347671,0.00013891437503243224,435.774190833323,-1.5714649787486226,-0.09465362867720052,58.0
12,3879821005658659073,820,2796913384.13122,4129.7635671200005,5.036297033073171,501.914,-283.44654243,0.325609756097561,38.387776035226004,267,129,1.0,0.0,0.00014765432460479258,107.58017248330252,-0.31330007636222423,-0.22487694923645749,105.0
13,3880920727367689984,142,4698568495.24177,-187.79979999000003,-1.322533802746479,75.38166666,-270.51333333,0.323943661971831,31.891062685402055,46,4,0.5704225352112676,0.4295774647887324,-3.996957800661723e-06,-5.88879090805476,-1.760180453465708,-0.3785076027254336,142.0
14,3886752488982104320,1202,19859442030.98442,7122.138782,5.92524025124792,589.1886,-15.04309,0.7479201331114809,26.468092628520917,899,29,0.5906821963394343,0.40931780366056575,3.5862733559624384e-05,269.08394503370744,-0.0064772537680393,0.18698293147524453,27.0
15,3887577207880438784,5726,45339497.159866326,2374.46352174,0.41468102021306325,50.83256306,-159.5321,0.47747118407265104,4.660057242075063,2734,242,0.0,0.0,0.0052370751121647435,509.5352692883837,-0.6820843334380223,-0.07695355287351599,51.0
16,3891020560590657281,414,41137.840344828604,2805.66419055,6.77696664384058,155.67399639,0.0,0.6690821256038647,15.448179761966351,277,0,0.19806763285024154,0.8019323671497585,6.820154308131291,181.61778499351666,0.0,0.21614885911706297,25.0
17,3907081197088384000,3950,46846334.432659715,17057.534111039997,4.318363066086075,268.06477018,-569.61172309,0.6096202531645569,19.71302277723506,2408,60,0.0,0.0,0.03641167301053132,865.2926699165757,-0.1822043961184164,0.2837605106839661,19.0
18,3910887259807777281,67,8412525269.912862,1795.1584100100004,26.79340910462687,1369.59708604,-598.25628999,0.23880597014925373,234.93706237095577,16,5,0.7611940298507462,0.23880597014925373,2.133911462269634e-05,7.6410183727228205,-1.1017329505769582,-0.21069992373706362,99.0
19,3910983669796782848,633,6510161406.715983,6764.81172472,10.686906358167457,407.18908968,-75.83428571,0.42812006319115326,32.06873318428597,271,29,0.34755134281200634,0.6524486571879937,0.00010391158224957856,210.94727022253664,-0.17259040809146872,-0.09527134674734575,60.0
20,3911997667197443328,64,567423696.0342627,605.72231024,9.4644110975,297.32036,-90.12188551,0.46875,54.75323722062212,30,21,0.96875,0.03125,0.00010674956200691074,11.062767079858837,-0.297949543068328,-0.2327454572359611,109.0
21,3914654298562589441,470,7916303038.417302,1265.0721161400002,2.6916428002978727,201.6846,-913.99171283,0.4148936170212766,59.03258369406624,195,70,0.0,0.0,1.5980592329534223e-05,21.430065177160134,-3.2724126510303813,-0.2500381181185413,117.0
22,3919174299855478272,1161,31505354856.567276,1235.5844889900027,1.0642415925839817,582.234,-2126.56974592,0.47114556416882,104.48925326410475,547,45,0.0,0.0,3.921823749058473e-06,11.824991091351437,-3.2724126510303813,-0.10167115406013216,64.0
23,3923766029921022977,1236,10803672237.763077,773.24106059,0.6255995635841424,121.4956,-195.84864546,0.28640776699029125,8.551703432725816,354,158,0.03964401294498382,0.9603559870550162,7.157205842354407e-06,90.41953649034961,-0.6453703723300928,-0.3309148671335596,136.0
24,3925368433214965504,1341,24826619789.208954,6491.14426619,4.840525179858314,256.963885,-7.59528715,0.32811334824757643,17.573988728167926,440,196,0.43475018642803875,0.5652498135719612,2.614590436113827e-05,369.3608984615922,-0.05600877894591658,-0.12967146919684827,75.0
25,3926423286576838657,463,18927881634.593163,1270.7918306099998,2.7446907788552912,209.1258125,-1119.0932,0.3304535637149028,55.36209231899442,153,1,0.9956803455723542,0.004319654427645789,6.713861884509372e-06,22.95418719523356,-3.0638686759224996,-0.27944204687612567,124.0
26,3930688517098515713,268,29817505786.372246,1945.6242199499998,7.259791865485074,1389.51,-864.30279999,0.47761194029850745,111.02309763690856,128,55,0.04477611940298507,0.9552238805970149,6.5251072101383655e-06,17.524499508318492,-0.636544172403595,-0.024414078598519375,43.0
27,3931992636670880512,5671,1456595209.007721,10169.88944223,1.7933150136184095,2252.25771521,-757.70188225,0.4038088520543114,34.863877199176294,2290,102,0.0,0.0,0.0006981959970305033,291.7027668532024,-0.3106032344962551,0.2353771258344322,24.0
28,3932103299427844097,2520,53237603271.78008,3848.92417141,1.5273508616706348,314.18129166,-258.92739999,0.30198412698412697,18.135176018071583,761,394,0.7281746031746031,0.2718253968253968,7.229709706804585e-06,212.23528062669877,-11.340076332061068,-0.09713007224699123,62.0
29,3935808725185052672,1532,21395259543.75177,2069.95839914,1.3511477801174934,224.55965245,-320.99685674,0.3368146214099217,22.42950651622135,516,332,0.28524804177545693,0.7147519582245431,9.674845939153407e-06,92.28729119131425,-0.7917587003746609,-0.2247812045731798,104.0
30,3936410995029308417,19,37533240813.61074,10681.514000000001,562.1849473684211,8037.0024,0.0,0.3157894736842105,1830.7025081916506,6,0,0.8421052631578947,0.15789473684210525,2.845881082596669e-05,5.834653064713989,0.0,1.8451118020979607,2.0
31,3937714876784951296,485,39283404202.34799,1114.4320958299995,2.297798135731958,2080.09119434,-674.67699046,0.3731958762886598,137.5947532833134,181,129,0.48041237113402063,0.5195876288659794,2.8369030598508807e-06,8.099379294901869,-2.281897618027776,-0.02902010197606692,44.0
32,3939318616482048768,190,3058599936.191147,9406.8656064,49.50981898105263,2083.85064,-49.511871,0.5736842105263158,192.72793143196031,109,3,0.0,0.0,0.0003075546263861597,48.80904151519393,-0.01757949907590631,0.27343983665426486,20.0
33,3939925275039085824,5833,103936897.42865816,2366.28078491,0.40567131577404425,69.25656251,-35.69731131,0.36259214812274987,1.7893427108848339,2115,205,0.29435967769586835,0.7056403223041317,0.0022766513562079388,1322.4301697576252,-0.055662266541854154,-0.15107942358612522,81.0
34,3941019213896463617,103,47755346801.48395,4342.39401225,42.15916516747573,1545.804,-3269.19444444,0.46601941747572817,448.87662735867167,48,8,0.1262135922330097,0.8737864077669902,9.093000685977773e-06,9.673914273064257,-1.1401602974914984,0.14416445464414515,31.0
35,3942630767220672256,4751,6137446092.102103,6575.783163980001,1.384084016834351,357.84297229,-569.33330997,0.38539254893706587,19.893840263015537,1831,387,0.0,0.0,0.00010714201094885325,330.5436797039625,-2.547122802180525,-0.038592753763980636,46.0
36,3943533600390906881,1728,1183677921.276884,2343.40360854,1.3561363475347221,48.6274,-32.30352141,0.5439814814814815,3.1606234939154336,940,9,0.0,0.0,0.00019797645680609384,741.4371287979486,-0.2558471588405288,-0.13917097577804233,78.0
37,3944088772635000577,5811,3481535870.1694345,7471.568978739999,1.2857630319635172,80.589167,-10.96664279,0.4605059370160041,4.259239284632761,2676,123,0.0,0.0,0.00021460554356937827,1754.2026825534904,-0.3865735454671953,0.027552518438398357,39.0
38,3944239644144231424,814,30417116537.99964,-1173.1670782,-1.441237196805897,351.99999999,-904.74805833,0.2714987714987715,59.89732669995159,221,170,0.24447174447174447,0.7555282555282555,-3.8569306092324045e-06,-19.586301139562348,-1.3384313421228609,-0.32505636621783374,135.0
39,3944658614777849089,43,2929795511.162788,2030.1653799599999,47.21314837116279,506.27960804,0.0,0.4418604651162791,115.56646606162411,19,0,0.3023255813953488,0.6976744186046512,6.929375692688738e-05,17.567080219251874,0.0,-0.11807706046929273,70.0
40,3946087913459823360,6040,2550631.529013963,-32.414100610000034,-0.005366572948675502,17.56498778,-25.58183256,0.3177152317880795,1.173278127947425,1919,922,0.0,0.0,-0.0012708264694952175,-27.626953778390494,-1.196079410424904,-0.22948626407971498,107.0
41,3949214983441029120,4450,7975621692.323906,1300.20450704,0.2921807880988764,161.7462,-73.46389,0.3710112359550562,4.9920450375772285,1651,287,0.34831460674157305,0.651685393258427,1.6302233947372085e-05,260.45528380709953,-0.40361091981377867,-0.17694490071500868,92.0
42,3949329502284748801,368,1506825585.385411,424.59195520000003,1.1537824869565219,91.09501789,-32.0684,0.18206521739130435,8.323866831117972,67,33,0.0,0.0,2.817790986017796e-05,51.00897981845457,-0.3021965292394466,-0.45856243263653024,147.0
43,3951723256343550465,3222,18150024342.32334,5291.619585210001,1.6423400326536315,968.27366,-317.7724595,0.35661080074487894,27.01825701687202,1149,330,0.7725015518311608,0.22749844816883924,2.9154889742327655e-05,195.8534772211826,-3.2724126510303813,-0.039025423500332085,47.0
44,3952087967771302912,162,6988619257.695974,1031.93187719,6.369949859197531,410.49559663,0.0,0.35185185185185186,35.59343415473667,57,0,0.0,0.0,1.4765890645045811e-05,28.992197625658818,0.0,-0.2815778430084876,126.0
45,3953433416230728705,510,67786279464.16147,4915.08364666,9.637418915019609,573.707975,-174.7717,0.21176470588235294,56.82367409288049,108,77,0.5666666666666667,0.43333333333333335,7.250853248640973e-06,86.49711102147508,-0.2679442693042515,-0.11607324072511235,69.0
46,3953764659057081857,499,102149626880.43578,6241.74633404,12.508509687454909,857.75048229,-281.09667288,0.3346693386773547,90.1977221644288,167,36,0.8316633266533067,0.1683366733466934,6.1103956271380675e-06,69.20070911171582,-1.1284342576498374,0.11285199733002416,34.0
47,3956048468100538880,28,5642141185.052696,1373.56489,49.055888928571434,407.81994,0.0,0.7142857142857143,93.46437752242942,20,0,0.7857142857142857,0.21428571428571427,2.4344745105614923e-05,14.696132648723568,0.0,0.05669294733873577,35.0
48,3956076827719377409,3833,6474691124.582502,16618.82917513,4.335723760795721,1901.98218855,-66.6284797,0.5121314896947561,43.539223540598115,1963,202,0.9827811114009913,0.017218888599008608,0.0002566736984878426,381.69787662000414,-0.04324873774910934,0.3712071579553817,16.0
49,3957509601040585217,1096,56554287372.19539,2317.8810051799996,2.1148549317335763,1027.9172,-3268.44,0.27007299270072993,111.02004528371053,296,42,0.8448905109489051,0.1551094890510949,4.098506254575446e-06,20.87804053093907,-0.7671725701844593,-0.11325017318229105,67.0
50,3960874214179953664,2231,305293129944.00415,19277.53925264,8.640761655150156,855.0,-1079.6384,0.5060510981622591,51.95524303738544,1129,114,0.897355445988346,0.10264455401165397,6.314435983599049e-06,371.04126793841493,-0.11020251395956882,1.0386178126330727,6.0
51,3962024093501274881,1120,302822090770.49084,8848.38086449,7.900340057580357,1355.57599999,-592.0988988,0.25535714285714284,104.38561344986255,286,322,0.4294642857142857,0.5705357142857143,2.921973374523788e-06,84.76628696290572,-86.96022047279631,0.6684852667833072,9.0
52,3966142151544441601,1598,23258958553.66021,4783.053707440001,2.99315000465582,893.5,-938.03971349,0.5037546933667084,52.936377736735615,805,395,0.2734668335419274,0.7265331664580726,2.0564350275637354e-05,90.3547600333969,-87.75131034482762,0.015145637890479591,41.0
53,3975304792994095360,2360,3823331.6316683246,2514.93244516,1.0656493411694916,81.4275439,-54.30208,0.4330508474576271,4.022103486575578,1022,41,0.0,0.0,0.06577855879225941,625.277905840562,-0.1262150051052884,-0.19196730808102444,95.0
54,3975392755164484097,1739,37543050355.48236,2382.97359695,1.3703125916906267,86.465371,-225.327,0.27602070155261643,13.712234166690976,480,151,0.5606670500287522,0.43933294997124783,6.347309487072666e-06,173.78448821553758,-0.3465050400217301,-0.22658650028809618,106.0
55,3976088733682659585,2740,2614202928.364154,5895.564171100001,2.1516657558759125,222.21225132,-234.2496,0.4332116788321168,15.095415581739037,1187,461,0.20802919708029197,0.3032846715328467,0.00022552052509516426,390.5532868026423,-2.176680442346828,-0.0952174333790892,59.0
56,3977078013600312321,4438,19861932089.999855,4667.77171509,1.0517737077715186,193.02178,-215.2769989,0.34610184767913477,10.897396458859346,1536,692,0.5401081568273998,0.4598918431726003,2.350109593537551e-05,428.3382487470393,-0.18968165749113805,-0.09339226423619612,57.0
57,3977116548751698176,1389,89402994150.2102,491.8496303299999,0.35410340556515474,127.2024,-165.06398552,0.2915766738660907,13.369385664919838,405,275,0.0,0.0,5.501489463581277e-07,36.789246915104904,-3.128093417503927,-0.1310039202840809,76.0
58,3977234346014419201,71,6515.78127828568,2427.29283086,34.18722296985915,792.53489999,0.0,0.4647887323943662,103.0388389554986,33,0,0.28169014084507044,0.7183098591549296,37.252521642326016,23.557066980425915,0.0,1.4202751901243629,4.0
59,3978449781300392193,617,63630965368.95197,5851.1057143200005,9.483153507811995,768.7802,-650.202,0.4181523500810373,69.26862239687205,258,26,0.3273905996758509,0.6726094003241491,9.195374736802254e-06,84.46978605690039,-0.26799526980820776,0.05403116796871909,36.0
60,3981810242465907713,102,475053401.1574856,2836.47282999,27.808557156764703,808.5591,-163.63126549,0.11764705882352941,139.01696608187405,12,22,0.6470588235294118,0.35294117647058826,0.0005970850483501068,20.403788903862704,-0.10858591929902633,-0.3418899947517744,139.0
61,3983074113875692800,42,12875.6988696754,2424.82951996,57.73403618952381,706.01184,0.0,0.3333333333333333,158.20331742362282,14,0,0.07142857142857142,0.9285714285714286,18.83260508422508,15.32729881679413,0.0,0.6185800837406487,11.0
62,3986814617275053313,3390,17526660.062423334,15847.596344460002,4.674807181256638,510.00288246,-1.65161759,0.7790560471976401,13.990476127946513,2641,2,0.0,0.0,0.09041994474712728,1132.7417451364518,-0.006969024848371109,0.3855586835398524,15.0
63,3987739404272887297,5665,46934222.238127075,12435.873935149999,2.1952116390379524,2262.56180205,-1276.26989714,0.23159752868490732,42.66666694418478,1312,1214,0.6174757281553398,0.3825242718446602,0.026496388652303478,291.46579345928814,-0.6615764441847828,0.16137138506658388,30.0
64,3988071780777702657,2347,6253581789.92222,3422.77210854,1.4583605064081806,1862.71443511,-125.36119546,0.3749467405198125,38.761754656406175,880,166,0.0,0.0,5.473298700683614e-05,88.30281649735164,-1.0314734449398095,-0.035246961405188,45.0
65,3988187872032603905,5105,1675918383.3621395,2641.1758204800003,0.5173703859902058,154.23093906,-62.77953637,0.3288932419196866,5.288816176740893,1679,558,0.09931439764936337,0.9006856023506367,0.00015759573059765668,499.3888485093014,-0.4488817893403292,-0.17706672610948992,93.0
66,3988205565930333696,351,24080794506.35563,3337.28491469,9.50793422988604,439.39190962,-1988.17338944,0.38461538461538464,123.03770316026761,135,37,0.6068376068376068,0.39316239316239315,1.3858699362303815e-05,27.124083341696387,-7.7562467689642975,-0.15597967427505552,83.0
67,3991414786174551297,302,2408191263.499319,1795.5778219099998,5.945621926854304,377.298031,-214.600275,0.2947019867549669,47.78752567578882,89,121,0.5364238410596026,0.46357615894039733,7.456126301616356e-05,37.57419528460155,-3.2724126510303813,-0.3172140657675001,134.0
68,3993014919980212480,666,4821845771.648348,3036.6721153500002,4.559567740765766,732.03867677,-60.84,0.481981981981982,32.06668001212142,321,50,0.978978978978979,0.021021021021021023,6.297737960025863e-05,94.6986752043591,-0.06779259381544311,-0.11829140302199714,71.0
69,3993222640082269952,2972,3346656410.3273554,1845.10569976,0.620829643257066,166.84207762,-106.18204,0.46063257065948854,6.7694578464436175,1369,167,0.2597577388963661,0.7402422611036339,5.513280939346624e-05,272.5632896479796,-0.287833413447797,-0.15653827139786716,84.0
70,3994879592543698688,639,1135421043.1373687,3633.72620493,5.686582480328639,834.84299,-28.28930978,0.5602503912363067,47.416311962671166,358,55,0.8466353677621283,0.15336463223787167,0.00032003336796448424,76.63451783830588,-0.05949679704784005,-0.05099401811631081,48.0
71,3995532094997544704,5584,220013164550.67004,-12568.23794418,-2.2507589441583096,623.7784,-1384.25715885,0.21310888252148996,32.92586214994825,1190,1472,0.0,0.0,-5.712493600029774e-06,-381.71325285098885,-154.36946214546467,0.04335191580579609,38.0
72,3996598927198996481,2400,197535791.34221858,3435.1249686300002,1.4313020702625001,279.973,-50.910419,0.3775,12.22625259313901,906,164,0.17708333333333334,0.8229166666666666,0.0017389886386102343,280.96302955148207,-0.04770818602549325,-0.19366441554048597,96.0
73,3998572645139652353,247,129754230296.03986,9432.841263499999,38.189640742914975,1218.10303253,-214.71515507,0.3481781376518219,142.61826045472154,86,20,0.2834008097165992,0.7165991902834008,7.269775514816408e-06,66.14048743424927,-0.06069894477129876,0.3355193619122992,17.0
74,3998659472131949824,136,25630928956.335636,1411.30152237,10.37721707625,169.07595999,0.0,0.4485294117647059,26.624424402151217,61,0,0.5,0.5,5.506244134866381e-06,53.00777590729694,0.0,-0.17556981726511256,90.0
75,3999240873283311617,4369,42308845.58327539,42220.38458333,9.663626592659648,1400.12446925,-160.44960932,0.5209430075532159,42.0729075555077,2276,29,0.0,0.0,0.09979091606323487,1003.5052730222586,-0.008163414949482127,0.8507200554651717,8.0
76,3999845462424248576,3219,1838678717.321438,5787.75513967,1.7979978688008698,141.98531068,-150.37396881,0.436470953712333,7.900298594902818,1405,67,0.0,0.0,0.0003147779481616844,732.5995429342624,-0.08644403098391203,-0.09187763285135045,56.0
77,4000222729738650369,934,2364192176.381143,1792.3819506200002,1.9190384910278375,78.13272,-86.82370357,0.5610278372591007,7.68063522109583,524,178,0.06531049250535331,0.9346895074946466,7.58137163520941e-05,233.36376471792306,-0.24658377689245403,-0.15365390326973521,82.0
78,4000877324693233921,5579,102239970.65295592,-659.9771915700048,-0.11829668248252462,1930.027,-3072.08324524,0.44380713389496323,61.789014379909084,2476,388,0.7157196630220469,0.284280336977953,-0.000645517782678397,-10.681141270714276,-3.4508367167666516,0.008847973133406156,42.0
79,4002413037164645377,555,153275142.68614557,3569.10459052,6.430819082018018,680.8447462,-8.68899308,0.16936936936936936,51.83329407061236,94,15,0.0,0.0,0.0023285606054389983,68.85737544786981,-0.013566474985048073,-0.3373560192649041,138.0
80,4004410127575640832,466,313997072.1665495,2629.00368657,5.641638812381974,280.1265,-139.32452526,0.30257510729613735,31.59810586496846,141,27,0.3969957081545064,0.6030042918454935,0.0008372701275302116,83.20130636326115,-0.15664705611099136,-0.30566589482039436,132.0
81,4004713168329653760,27,8383.8241336711,1667.19861,61.74809666666666,859.47966,0.0,0.07407407407407407,222.586962021416,2,0,0.0,1.0,19.885896738985732,7.490100025892764,0.0,0.49146101593343283,13.0
82,4006366295148391425,664,1429421.1282245645,2935.98759954,4.421668071596385,677.29336,-678.07905965,0.1686746987951807,49.2925221992992,112,41,0.0,0.0,0.20539696395747908,59.56253542209169,-0.25844243667621347,-0.34397868264932385,140.0
83,4008537296438699777,524,12289157439.679625,2330.24543558,4.447033274007634,608.50385214,-174.39,0.4675572519083969,40.918527715133244,245,95,0.37404580152671757,0.6259541984732825,1.896179983874264e-05,56.948418374256065,-0.189198324553291,-0.1389950396854599,77.0
84,4008711265867865600,363,77530334669.81798,10579.77814317,29.145394333801654,1083.7,-509.55,0.40771349862258954,111.31855567261533,148,6,0.27548209366391185,0.7245179063360881,1.364598539168777e-05,95.04056245829153,-0.3107776329177615,0.23914722042061057,23.0
85,4008804082027254529,852,125162846013.23807,3561.4630586599997,4.180120960868544,1168.2622,-1524.04980981,0.5305164319248826,93.5668928350375,452,23,0.0,0.0,2.845463467875535e-06,38.06328232934926,-0.8428741755903201,0.27282369317529404,21.0
86,4011626972687000576,5699,1217773639.7769208,5402.36941953,0.9479504157799614,313.985361,-674.53566739,0.3862081066853834,12.071210105395696,2201,498,0.0,0.0,0.0004436267334970101,447.54166089075045,-0.3857371926658342,-0.05210681458669461,49.0
87,4012994295026226176,616,301271849.87370014,2508.8134884300002,4.072749169529221,232.10392828,-44.02597118,0.4042207792207792,18.698805016185286,249,54,0.21103896103896103,0.788961038961039,0.0008327407587140154,134.16972294531254,-35.409273861360596,-0.24206591436954758,112.0
88,4013955990069013504,354,2261728.847462379,1679.9095393500002,4.745507173305085,250.387255,-98.9076,0.6581920903954802,20.703004732293767,233,35,0.7966101694915254,0.2033898305084746,0.07427546150082624,81.14327176526112,-0.1774377369506129,-0.08647105517738941,53.0
89,4013978721149559808,282,100027084.51113138,3778.12362398,13.397601503475178,676.03360101,0.0,0.20567375886524822,80.87868159041871,58,0,0.0,0.0,0.0037771006147435562,46.71346700621262,0.0,-0.3017022540424783,131.0
90,4014818740371615232,435,25956374153.33815,2021.32165014,4.646716437103448,222.5955,-56.4972,0.2367816091954023,21.83561465947167,103,68,0.664367816091954,0.335632183908046,7.787380618721916e-06,92.56994509486859,-3.2724126510303813,-0.30656930550422645,133.0
91,4016164457907769600,668,52226262088.6398,3672.4881425800004,5.4977367403892226,301.00752,-412.77166666,0.4296407185628742,34.42813772213952,287,18,0.4221556886227545,0.5778443113772455,7.031880122584603e-06,106.67112384119322,-11.736526946107785,-0.06022528036668505,50.0
92,4017110277719148289,241,6486086726.584932,2855.87626248,11.850108972946058,207.144,0.0,0.5601659751037344,29.803585614287957,135,0,0.5228215767634855,0.47717842323651455,4.4030805983127546e-05,95.82324420424372,0.0,-0.1091505647753297,65.0
93,4017263283405469185,5879,122685642746.4568,5975.42099233,1.0164009172189148,1988.54248328,-449.93098114,0.3350910018710665,39.23631160932078,1970,1635,0.5240687191699268,0.47593128083007313,4.870513662856914e-06,152.29313733226925,-0.9452681817697328,0.3900791107685271,14.0
94,4017323550554338817,516,8804288.250339657,3121.13055186,6.048702619883722,312.44754072,0.0,0.49224806201550386,27.69321242654146,254,0,0.0,0.0,0.035450117750740286,112.70381000900699,0.0,-0.16015792720385302,86.0
95,4019895412775450368,532,226143908.7682716,2507.60844445,4.713549707612782,170.97029558,0.0,0.4041353383458647,16.746754014472145,215,0,0.13157894736842105,0.868421052631579,0.0011088551790353694,149.73698439010838,0.0,-0.24897400142031317,116.0
96,4020204877254599680,5598,1275869846976.3547,70638.37124428,12.618501472718828,5520.24882013,-1833.67019129,0.3272597356198642,202.94319719337213,1832,920,0.6357627724187209,0.364237227581279,5.536487237446965e-06,348.069667873484,-0.9296458424060654,4.9070655160234615,1.0
97,4021243448368889856,5873,47256846.934625596,1481.96238265,0.2523348174101822,47.88158749,-114.70876667,0.3795334581985357,2.651245447165895,2229,483,0.5496339179295079,0.45036608207049206,0.003135973893264873,558.9683837964437,-0.33623330137402535,-0.15824756973885437,85.0
98,4021669203289716224,1616,249224591061.38293,26438.767141610002,16.360623231194307,8186.25405784,-412.63190906,0.3162128712871287,234.84153423638122,511,362,0.18007425742574257,0.8199257425742574,1.0608410281270459e-05,112.58130818970845,-3.2724126510303813,1.5876740693938465,3.0
99,4022565861939831809,631,390410894083.67035,13807.949796790002,21.882646270665614,708.61704495,-385.07555369,0.526148969889065,69.819407276914,332,17,0.4231378763866878,0.5768621236133122,3.536773693059593e-06,197.76664304848148,-0.08590110805118006,1.128334613815029,5.0
100,4022641794255717633,6038,623906.859182004,2173.16818573,0.35991523447002316,4.11056666,-3.18341839,0.4354090758529314,0.6442071159957288,2629,495,0.0,1.0,0.3483161234321437,3373.39984574838,-0.16322904841124433,-0.091560504999149,55.0
101,4023616625178799873,797,494509445.1883848,2074.1179328,2.602406440150564,185.56709999,-3.0888,0.411543287327478,10.140354944275428,328,1,0.2659974905897114,0.7340025094102886,0.00041942938663383034,204.5409597788201,-0.003983659193985905,-0.2475553865446068,114.0
102,4023697433751327232,42,10550.850018602,2408.22399998,57.33866666619048,802.29456999,0.0,0.09523809523809523,191.0274258862195,4,0,0.0,1.0,22.824928756774163,12.606692409782015,0.0,0.626464468435387,10.0
103,4023697881318718465,67,20596.321814119998,3151.95061998,47.0440391041791,808.94101,0.0,0.08955223880597014,166.60087484037356,6,0,0.43283582089552236,0.5671641791044776,15.303463639896863,18.919172081179045,0.0,0.3092907197052192,18.0
104,4026179081117855488,185,84040513128.5196,6876.841294510001,37.17211510545946,2200.3056,-742.075591,0.24864864864864866,254.8218327614461,46,43,0.2648648648648649,0.7351351351351352,8.182769284135067e-06,26.98686066255485,-0.22544008675395116,0.18900188678915877,26.0
105,4027747397961573889,341,9937986298.93625,2629.8515600299997,7.712174662844574,909.75,-247.54188222,0.2903225806451613,74.1373242725996,99,65,0.3460410557184751,0.6539589442815249,2.6462620101534007e-05,35.47270670789458,-0.6475119783808214,-0.23060835019191417,108.0
106,4028427053699127040,119,1154618843.34535,2633.02381341,22.126250532857142,464.87688,-2.3298,0.3025210084033613,82.98738821632514,36,10,0.6554621848739496,0.3445378151260504,0.00022804268513245237,31.727999518992405,-0.0026097148045230913,-0.26106824891254715,119.0
107,4028701921959171840,591,268649715737.82053,15750.62151397,26.650797823976312,1351.87140065,-101.94562227,0.5008460236886633,96.26027321313829,296,7,0.5820642978003384,0.4179357021996616,5.862884116855451e-06,163.62535642398575,-0.07031386796332052,0.9117365244354896,7.0
108,4029299190618134272,225,1649251036.9646432,3157.57256839,14.03365585951111,594.0,-0.53788037,0.30666666666666664,61.25584610440096,69,1,0.21777777777777776,0.7822222222222223,0.00019145493909777012,51.5472851849669,-0.00017037746414865062,-0.2488965757781415,115.0
109,4029422834086627072,98,386148209.40140796,2755.87330452,28.12115616857143,316.19596698,0.0,0.37755102040816324,54.50500212445138,37,0,0.35714285714285715,0.6428571428571429,0.0007136827874437249,50.56184197970508,0.0,-0.21080012141799953,100.0
110,4029506971304830209,50,10932.1767158756,2413.65400002,48.27308000039999,807.12855,-1.09005724,0.06,193.11910684236588,3,2,0.22,0.78,22.078439296676528,12.49826617099132,-0.0007884205303000753,0.5533377632328013,12.0
111,4029507714735307777,49,14262.8938351748,1537.89995998,31.385713468979592,810.71915999,0.0,0.04081632653061224,153.96085708989884,2,0,0.7346938775510204,0.2653061224489796,10.782524063856302,9.98890230314845,0.0,0.02563965759713429,40.0
112,4029749871687083265,828,995096.891788642,3538.2411388399996,4.273238090386473,127.22258364,0.0,0.428743961352657,12.097314526299858,355,0,0.3719806763285024,0.6280193236714976,0.3555674998120203,292.4815363895662,0.0,-0.1945667245743365,97.0
113,4030392204221219329,83,635467.8886771997,1347.75800996,16.238048312771085,673.98730999,0.0,0.0963855421686747,79.90994890533487,8,0,0.0,0.0,0.21208908175761876,16.865960101621617,0.0,-0.41600070866064437,145.0
114,4030395639953224449,451,3041553912.3017116,4424.09071098,9.809513771574279,783.0,-30.276,0.19068736141906872,55.75666041799466,86,66,0.49223946784922396,0.5077605321507761,0.0001454549496257999,79.34640772624518,-0.016395352200830125,-0.2849467399401817,128.0
115,4030555430101054209,118,1774878417.540733,3298.8607900099996,27.9564473729661,558.26199,0.0,0.2627118644067797,86.60651130410575,31,0,0.3559322033898305,0.6440677966101694,0.00018586404327237762,38.09021677858083,0.0,-0.2525992111409058,118.0
116,4030565764341697025,101,1085524203.6624017,2401.5759339599995,23.77797954415841,561.6799059,-2.58252161,0.48514851485148514,77.72741580815938,49,2,0.49504950495049505,0.504950495049505,0.00022123651650119173,30.89741128004793,-0.0017677191939697622,-0.12877935691218573,74.0
117,4030626027667524352,226,8436238014.715628,3774.7988788699995,16.702649906504423,534.78,-380.40322148,0.5,78.57147882684646,113,18,0.6371681415929203,0.36283185840707965,4.474504953849672e-05,48.04286409307367,-3.2724126510303813,-0.08703525277934882,54.0
118,4030635536196756737,1269,18904604226.096554,2578.34975484,2.031796497115839,407.4,-34.34833865,0.5263987391646966,22.25975117445277,668,19,0.0,0.0,1.3638739663646378e-05,115.83012472300854,-0.024120864559726785,-0.0801322211502293,52.0
119,4030708912786799105,56,5382.7143477434,807.82,14.425357142857143,807.82,0.0,0.017857142857142856,107.94948822084734,1,0,0.0,1.0,15.00766988199296,7.483314773547883,0.0,0.13206400456921075,32.0
120,4031173908980084736,217,3205299797.724987,5345.31649571,24.63279491110599,764.7,-23.83314,0.3640552995391705,81.95108668124786,79,7,0.728110599078341,0.271889400921659,0.00016676494658951792,65.2256939130146,-0.09812538427641024,-0.12434281834420213,73.0
121,4031181049693676544,297,2125696755.0965471,4546.57189156,15.308322867205387,786.18002319,-12.91485977,0.24579124579124578,70.74217247380379,73,12,0.37373737373737376,0.6262626262626263,0.00021388619428708207,64.26961079324529,-0.005877477753687603,-0.23941290189282105,110.0
122,4031408429897920512,82,1147222.7663658,1351.26659997,16.478860975243904,672.9234959,0.0,0.04878048780487805,104.40852722167254,4,0,0.0,0.0,0.11778589473521127,12.942109575984054,0.0,-0.4519975752948207,146.0
123,4031414524297538817,207,74365782.77639806,2525.9744649000004,12.202775192753625,274.27803536,-2.72916978,0.3526570048309179,40.17851382110464,73,13,0.26570048309178745,0.7342995169082126,0.0033966891365818917,62.8687879334446,-0.0065352368927193835,-0.2677336767216617,122.0
124,4031451549482615297,110,1029462964.419097,3121.3777152699995,28.376161047909086,904.53088492,-3.90024273,0.38181818181818183,123.75411452984737,42,1,0.4727272727272727,0.5272727272727272,0.00030320446904384983,25.222415651620025,-0.0012523082393515155,-0.14365947427062875,79.0
125,4031493134338259457,1668,99365744249.73575,8887.1737933,5.328041842505995,423.15320078,-361.33694904,0.37889688249400477,32.66857615550575,632,102,0.5719424460431655,0.42805755395683454,8.943900999688467e-06,272.0404388301513,-0.4074485730416885,0.16550100163956075,29.0
126,4031673021422897664,219,20452193948.766277,1980.1710399899998,9.041876894931507,232.905,-43.38,0.3105022831050228,32.956080433416155,68,23,0.4520547945205479,0.547945205479452,9.681949256644166e-06,60.085150113366794,-0.07229509108546565,-0.26647973605836345,120.0
127,4032403303704824321,142,2698057861.2198944,1996.8552065600002,14.062360609577466,796.70872823,-500.49786818,0.3873239436619718,107.21684794527188,55,17,0.0,0.0,7.401083702694005e-05,18.624453570760462,-0.5784722740235005,-0.19743555579759856,98.0
128,4033614723417828608,437,56357042740.98886,4568.37208011,10.453940686750572,858.25,-488.99,0.2540045766590389,88.9823136792901,111,88,0.0,0.0,8.106124555019263e-06,51.34022584055657,-3.2724126510303813,-0.09668270773475744,61.0
129,4033639786957934336,133,1486718406.854392,2848.14185731,21.414600430902254,847.6,0.0,0.18796992481203006,94.13623220765477,25,0,0.7218045112781954,0.2781954887218045,0.0001915723814394762,30.255532758388867,0.0,-0.30008115941617786,129.0
130,4034359562055356161,725,139552333904.6253,5263.92021264,7.2605796036413786,401.72605258,-224.13401709,0.5089655172413793,44.05651163693179,369,124,0.0,0.0,3.7720044268392794e-06,119.48109410068112,-1.155962561567556,0.2598660476592134,22.0
131,4034786679304751616,305,160124.4647254783,2428.8095125,7.963309877049181,639.00621398,0.0,0.3737704918032787,38.661904749908544,114,0,0.0,0.0,1.5168259994898448,62.82177580776709,0.0,-0.16600226102245097,87.0
132,4035034554469394176,350,453544.04831316,2528.6524605900004,7.22472131597143,611.23594998,-298.83956426,0.18571428571428572,62.07676821578476,65,6,0.0,0.0,0.5575318362118674,40.73428004177285,-0.3191289312574794,-0.3348981841189319,137.0
133,4035430878731345664,86,206718866.27463615,2399.0087271900006,27.895450316162798,383.68852781,0.0,0.47674418604651164,60.55687829448245,41,0,0.4883720930232558,0.5116279069767442,0.0011605175523760854,39.61579253679235,0.0,-0.14491971903130757,80.0
134,4036548677626662656,131,2017068078.7107544,3292.1177562000003,25.130669894656492,814.3,0.0,0.44274809160305345,97.59431561641043,58,0,0.13740458015267176,0.8625954198473282,0.00016321302146153724,33.73267936156758,0.0,-0.11075699568733319,66.0
135,4037073643537925121,421,549083.6070617127,1513.5830115800002,3.5952090536342047,351.31873077,0.0,0.19002375296912113,21.60107021650783,80,0,0.0,1.0,0.27565620100726945,70.06981581974118,0.0,-0.39333921066013877,143.0
136,4037121179310444801,1400,19056429692.1223,7046.475003850001,5.033196431321429,1043.08116996,-297.65309557,0.48928571428571427,44.316995638071056,685,73,0.4714285714285714,0.5285714285714286,3.6976889783099976e-05,159.00164039542068,-1.5105695938903718,0.05205544484060762,37.0
137,4037179073830813185,66,1142146187.125544,2314.23517387,35.0641693010606,809.9,0.0,0.4393939393939394,139.33989207909406,29,0,0.6363636363636364,0.36363636363636365,0.00020262162584408472,16.6085615493111,0.0,-0.11568537965258008,68.0
138,4037282461943784704,382,6444960207.759068,4622.91611538,12.101874647591622,685.731445,-757.05240177,0.34554973821989526,90.2443116042785,132,31,0.1649214659685864,0.8350785340314136,7.172916459304878e-05,51.22667604415331,-0.5566284045865586,-0.17248380066590063,88.0
139,4037511388357114368,877,4444247460.415817,3556.75229666,4.0555898479589505,909.49062985,-635.45101241,0.4618015963511973,44.079621894255126,405,67,0.4207525655644242,0.5792474344355758,8.003047373800422e-05,80.68926510287397,-0.5013476488083809,-0.10152134980514067,63.0
140,4037717032428033792,309,538983.9677470389,1858.31772538,6.013973221294498,452.29235224,0.0,0.32362459546925565,27.22058487843453,100,0,0.0,0.0,0.3447816329579887,68.26883895695605,0.0,-0.2808467184630066,125.0
141,4037785885739608577,245,656868.6239758228,1934.57923526,7.896241776571428,354.89854257,0.0,0.24081632653061225,34.73529539386101,59,0,0.0,0.0,0.294515396937456,55.69491243197864,0.0,-0.3449103125505394,141.0
142,4038768306117031680,95,1679335.8387631257,1738.7319037499997,18.30244109210526,1263.5201,0.0,0.2,132.33115145341657,19,0,0.17894736842105263,0.8210526315789474,0.10353687830723726,13.139248655008274,0.0,-0.2824061936116292,127.0
143,4039129759104249600,129,532609.0484947499,1243.0816911399997,9.636292179379844,111.7638311,0.0,0.4496124031007752,18.40458486654922,58,0,0.0,0.0,0.2333947751457049,67.54195762379464,0.0,-0.24016434457371189,111.0
144,4039279455324236544,310,54088.89056431089,1023.49838734,3.301607701096774,53.7794339,0.0,0.5516129032258065,6.888953997286748,171,0,1.0,0.0,1.8922525063128735,148.57094237283488,0.0,-0.12064043068350619,72.0
145,4040382575336130560,70,10211.422654200001,0.0,0.0,0.0,0.0,0.0,0.0,0,0,0.0,0.0,0.0,182.00819696042768,0.0,-0.6146269926856796,149.0
146,4040843843196854529,48,750908034.4920796,2043.4781,42.572460416666665,575.94064,0.0,0.2708333333333333,117.59722550308715,13,0,0.16666666666666666,0.8333333333333334,0.0002721342702615009,17.3769244236664,0.0,-0.24366775703186694,113.0
147,4041804592937345281,330,1533236791.2084775,-796.68268552,-2.414189956121212,109.9,-453.92166,0.22727272727272727,28.53611764929353,75,101,0.44545454545454544,0.5545454545454546,-5.1960838018507564e-05,-27.918397846236925,-3.2724126510303813,-0.45857191316021884,148.0
148,4041860229502600193,95,23150798.372556996,2327.3359998200003,24.498273682315794,250.02371495,0.0,0.4,52.91652963497356,38,0,0.5894736842105263,0.4105263157894737,0.010052940561129112,43.98126664530584,0.0,-0.21834054069818784,102.0
